word,frequency
t,77
the,69971
they,5600
they're,65
they'll,32
they'd,30
there,2728
therefore,205
there's,109
thereby,34
theresa,24
thereafter,20
thermal,33
their,2669
theirs,21
them,1788
themselves,270
theme,55
then,1600
these,1573
theory,129
theoretical,21
theories,20
theological,27
theater,52
theatre,29
that,10594
that's,187
than,1790
thank,36
thanks,37
this,5145
thin,92
think,460
thinking,145
thinks,23
thing,333
things,368
third,190
thirty,59
thick,67
thickness,44
through,971
throughout,141
throat,51
throw,42
thrown,40
three,610
threw,46
threat,42
threatened,29
threatening,26
thrust,22
those,850
though,440
thought,517
thoughts,54
thousand,97
thousands,47
thomas,100
thompson,38
thorough,21
thoroughly,40
thus,312
thursday,33
thyroid,38
to,26158
too,834
took,426
tool,40
tools,34
tooth,20
told,413
toward,386
towards,64
town,212
towns,50
today,284
today's,41
together,267
total,211
totally,22
top,204
touch,87
touched,42
tour,43
tournament,20
tough,36
tone,78
tones,20
tonight,38
tongue,35
tons,28
tom,63
tomorrow,63
tossed,31
torn,25
tim,25
time,1598
times,300
title,77
tiny,50
till,49
tilghman,25
tire,22
tired,48
tissue,41
tie,23
tied,34
tight,28
tip,22
two,1412
twenty,80
twenty-five,25
twentieth,20
twelve,48
twice,74
take,610
taken,281
takes,86
taking,175
tax,201
taxes,45
taxpayers,21
table,198
tables,44
talk,154
talking,100
talked,58
tall,55
tale,21
talent,40
talents,28
tales,21
task,60
tasks,29
taste,59
taught,50
target,45
targets,22
tape,35
tangent,26
tanish,100
tail,24
taylor,21
tactics,20
turn,233
turned,320
turning,75
turns,38
tuesday,58
tube,31
tubes,24
tell,268
telling,52
tells,34
telephone,76
television,50
telegraph,21
ten,164
tension,59
tend,43
tendency,49
tended,24
tends,34
tennessee,23
tent,20
term,79
terms,163
terrible,45
territory,31
terror,25
temperature,135
temperatures,26
temple,38
temporary,32
temporarily,20
technical,120
technique,60
techniques,99
technology,43
test,119
tests,61
testimony,47
testing,32
tested,37
testament,29
teeth,103
tea,29
team,83
teams,22
teach,41
teacher,80
teachers,69
teaching,67
tears,34
texas,69
text,60
textile,28
true,231
truth,126
truly,57
truck,57
trucks,22
trust,52
trustees,25
tried,170
trial,134
trials,39
trip,81
trips,29
tribute,24
triumph,22
trim,20
try,140
trying,163
train,82
training,156
trained,54
trail,31
trade,143
traders,26
tradition,94
traditional,78
traditions,21
trading,25
traffic,68
travel,61
traveled,22
tragedy,49
tragic,33
transportation,43
transfer,39
transferred,29
transformed,25
transformation,20
transition,32
track,38
tractor,24
trace,23
trap,20
trouble,134
troubled,31
troubles,22
troops,53
treat,26
treatment,127
treated,75
treaty,20
treasury,40
tree,59
trees,101
trend,46
trends,21
tremendous,37
trembling,26
type,200
types,116
typical,65
tv,39
t.,27
tsunami,21
",",58334
.,49346
o,26
of,36412
off,639
office,255
officer,101
officers,83
offices,45
official,75
officials,62
offer,80
offered,83
offers,45
offering,28
often,369
on,6741
one,4000
ones,116
one's,65
only,1748
once,499
onto,60
onset,38
or,4206
order,376
ordered,69
orders,58
orderly,20
ordinary,72
organization,128
organizations,61
organized,56
organic,38
origin,44
original,103
originally,23
orchestra,60
orleans,40
oral,27
orange,23
out,2097
outside,210
outstanding,37
outlook,36
output,35
outer,31
outdoor,27
outcome,26
our,1252
ours,27
ourselves,66
ought,68
other,1800
others,323
otherwise,86
over,1236
over-all,35
overcome,26
overseas,22
overwhelming,20
own,772
owner,33
owners,35
ownership,22
owned,34
owen,25
old,661
older,93
open,318
opened,131
opening,83
openly,34
opera,47
operation,113
operations,84
operational,25
operating,87
operator,49
operate,48
operated,27
opportunity,121
opportunities,51
opposite,81
opposition,46
opposed,41
opinion,96
opinions,44
optimal,28
oh,122
ohio,38
obtain,42
obtained,115
obvious,92
obviously,114
object,65
objective,91
objectives,39
objects,65
observe,25
observed,74
observers,20
observation,27
observations,40
obligations,22
obliged,21
oil,95
occur,43
occurred,67
occurrence,30
occurring,21
occurs,27
occupied,36
occupation,24
occasion,58
occasional,37
occasionally,48
occasions,22
october,51
oct.,28
ocean,34
oxygen,44
oxidation,23
odd,44
o'clock,41
o'banion,25
o.,29
a,23195
an,3740
and,28853
andy,33
any,1344
anything,280
anyone,140
anyway,46
anywhere,39
anybody,42
anyhow,20
another,684
anode,77
answer,152
answered,67
answers,44
analysis,108
ann,29
annual,93
announced,88
announcement,24
anne,42
anniversary,21
ancient,69
animal,68
animals,58
angle,51
anglo-saxon,22
anger,48
angeles,47
angels,24
angry,45
anxiety,42
anxious,29
anti-trust,26
anti-semitism,23
anticipated,23
anticipation,20
as,7253
ask,128
asked,398
asking,67
association,132
associations,30
associate,21
associated,61
assist,26
assistance,87
assistant,36
assignment,62
assigned,53
assume,63
assumed,72
assumption,41
assumptions,23
assure,37
assured,39
assembly,50
assembled,24
assessment,23
assessors,20
aside,67
asia,44
aspect,47
aspects,64
asleep,30
astronomy,24
are,6400
area,324
areas,236
aren't,36
around,562
aroused,20
art,208
article,68
articles,31
artist,57
artists,55
artistic,33
arts,66
arthur,51
artery,46
arm,94
army,132
arms,121
armed,60
argument,63
argue,29
argued,29
arrive,24
arrived,62
arrival,23
arranged,44
arrangement,34
arrangements,38
arc,41
architect,22
arise,28
aristotle,21
arlene,26
arbitrary,22
arnold,20
at,5372
attention,179
attend,54
attended,36
attending,23
attempt,95
attempts,38
attempted,33
attempting,23
attitude,107
attitudes,48
attack,105
attacked,25
attacks,22
attached,25
attain,20
attorney,65
attractive,39
attracted,25
atmosphere,79
atom,37
atomic,46
atoms,40
atlantic,40
atlanta,35
al,25
all,3100
allow,72
allowed,86
allowing,31
allowances,25
allotment,39
allies,30
allied,29
alliance,20
allen,20
also,1069
always,458
almost,432
along,355
alone,195
although,321
alternative,34
altered,22
altogether,30
already,273
alive,57
alienation,22
alike,20
alfred,52
alex,30
alexander,45
alert,33
alec,25
albert,29
alaska,22
alabama,20
about,1815
above,296
aboard,25
able,216
ability,74
absence,53
absent,28
abstract,34
absolute,30
absolutely,27
absorbed,24
abroad,51
abandoned,25
abel,20
af,996
after,1069
afternoon,106
affair,33
affairs,84
afford,40
affect,35
affected,36
afraid,57
africa,45
african,28
again,577
against,627
ago,246
age,227
agencies,62
agency,56
agent,44
agents,39
ages,51
agree,51
agreement,106
agreed,81
agricultural,38
agriculture,23
am,237
america,194
american,569
americans,93
america's,22
amendment,23
among,370
amount,172
amounts,44
amateur,25
amazing,20
ambiguous,22
ambassador,22
away,456
aware,84
awareness,32
award,46
awake,20
act,283
action,291
actions,68
activity,116
activities,115
active,88
acting,61
actual,99
actually,166
acts,39
actor,24
across,282
acres,44
according,140
accordingly,31
accordance,20
account,117
accounts,38
accomplish,24
accomplished,44
accompanied,37
accept,72
accepted,96
acceptance,49
acceptable,21
accepting,21
access,24
accuracy,36
accurate,35
accurately,24
accused,25
accident,33
achieve,51
achievement,65
achieved,62
academic,56
academy,24
acquire,27
acquired,26
air,257
aircraft,70
aid,134
aids,27
ain't,46
aim,37
aimed,24
available,245
availability,21
average,130
avenue,46
avoid,58
add,88
added,172
addition,142
additional,120
adding,22
address,77
addresses,21
administration,161
administrative,53
admit,37
admitted,44
admission,33
advantage,73
advantages,28
advance,59
advanced,53
advice,52
advised,33
advisory,24
advertising,50
adequate,66
adopted,45
adam,44
adams,42
adjustment,35
adjustments,20
adjusted,33
adult,25
adults,23
appear,117
appeared,135
appears,84
appearance,57
appeal,63
apparent,57
apparently,125
apparatus,29
approach,123
approached,45
approaches,25
approaching,27
approximately,71
appropriate,68
approval,51
approved,40
appreciate,26
appreciation,22
applied,106
application,68
applications,25
apply,56
applying,29
appointed,42
appointment,28
apart,57
apartment,81
april,71
aj,118
audience,115
author,46
authority,93
authorities,39
authorized,37
authors,23
authentic,20
auto,22
automobile,50
automobiles,24
automatic,40
automatically,36
autumn,22
august,53
aug.,25
aunt,22
a.,113
a.m.,40
ah,22
ahead,109
axis,38
aesthetic,26
aadit,100
i,5400
in,21337
into,1791
interest,330
interested,105
interests,83
interesting,82
international,155
internal,62
interior,74
interpretation,54
interpreted,24
interference,45
interview,33
intervals,25
intervention,20
intermediate,21
intellectual,66
intelligence,48
intelligent,26
intensity,56
intense,40
intended,45
intention,36
intentions,22
integration,48
introduced,52
introduction,39
intimate,21
information,269
informed,57
influence,132
individual,239
individuals,73
indicate,80
indicated,108
indicates,40
indication,20
india,58
indian,52
indians,32
indirect,21
industry,171
industrial,143
industries,36
indeed,162
index,81
independent,70
independence,70
increase,195
increased,146
increases,72
increasing,74
increasingly,42
incredible,23
including,171
include,113
included,97
includes,45
inclined,21
income,109
inch,39
inches,86
incident,49
inc.,20
inside,174
insist,27
insisted,43
insight,22
instead,173
institution,41
institutions,98
institute,50
instance,82
instances,30
instant,38
installed,35
instrument,47
instruments,26
instruction,26
instructions,35
insurance,46
insure,24
inspired,25
inspection,21
insects,23
involve,31
involved,147
involves,41
involving,33
investigation,51
investigations,22
investment,43
inventory,23
invention,20
invariably,31
invited,26
invitation,20
initial,68
initiative,32
inner,55
innocent,37
innocence,28
inevitably,38
inevitable,33
inadequate,32
injury,27
injured,20
inherent,26
is,10109
island,167
islands,30
issue,152
issues,66
issued,50
isn't,97
isolated,35
it,8760
its,1858
itself,304
it's,302
item,55
items,72
italian,47
italy,34
if,2198
important,369
importance,108
impossible,84
impact,67
improve,39
improved,55
improvement,40
improvements,20
impressive,49
impression,45
impressions,25
impressed,30
implications,22
impulse,20
immediate,81
immediately,123
image,119
images,37
imagination,65
imagine,61
imagined,27
imitation,23
i'm,269
i'll,181
i've,125
i'd,104
idea,195
ideas,143
ideal,61
identity,55
identified,46
identification,43
identify,26
identical,31
ideological,21
ice,45
iron,43
irish,28
i.e.,43
ill,26
illinois,40
illustrated,37
illustration,23
illusion,37
illness,20
ignored,29
was,9815
wash,33
washing,44
washington,206
washed,35
wasn't,154
waste,35
way,908
ways,128
war,464
wars,26
warsaw,100
warm,67
warmth,28
warren,51
warrant,20
warning,44
warned,22
warfare,43
ward,25
warwick,21
water,445
waters,42
watch,81
watched,81
watching,76
watson,45
want,328
wanted,226
wants,72
wall,160
walls,70
wally,25
walk,100
walked,159
walking,54
walter,40
wait,94
waiting,110
waited,70
wage,56
wages,42
wagon,55
wagner,21
wave,46
waves,51
wake,23
wit,20
with,7289
without,583
within,359
witness,28
witnesses,21
will,2245
william,148
williams,32
willing,69
wilson,62
wild,56
wildly,25
wife,228
wide,125
widely,52
widespread,30
widow,26
win,55
wind,63
window,119
windows,53
winds,21
winter,83
wine,72
wines,24
winston,40
winning,31
wings,27
wish,110
wished,55
wishes,24
wisdom,44
wise,36
wire,42
wives,21
which,3561
while,680
white,365
whisky,23
whispered,23
what,3200
whatever,112
what's,53
when,2800
whenever,43
where,937
whereas,41
wherever,27
whether,286
wheel,56
wheels,21
who,2252
whole,309
wholly,24
whose,251
whom,146
why,404
word,3500
words,860
world,788
world's,35
work,762
working,151
works,130
workshop,24
worked,128
worker,30
workers,86
worth,94
worthy,28
wore,65
worry,55
worried,35
worries,20
worse,50
worship,36
worst,34
worn,23
would,2714
wouldn't,129
wound,28
wounded,23
woman,224
woman's,22
women,195
women's,27
won,68
won't,105
wonder,67
wondered,58
wonderful,53
wondering,21
wood,55
wooden,50
woodruff,30
woods,25
we,2900
were,3284
weren't,22
well,897
welfare,53
welcome,50
went,507
week,275
weeks,141
weekend,27
weekly,24
west,235
western,137
westminster,23
weight,91
weather,69
weapon,42
weapons,61
wear,35
wearing,47
weak,32
weakness,46
wealth,22
we'll,64
we're,61
we've,34
we'd,32
wet,53
wednesday,35
wedding,32
write,620
writer,73
writers,73
writes,41
written,154
writing,117
wright,46
wrote,181
wrong,129
w.,84
h,23
he,9548
her,3036
here,750
herself,125
hero,52
heroic,21
herd,22
heritage,21
head,424
headquarters,65
headed,59
heads,43
heading,31
hear,153
heard,247
heart,173
hearts,23
hearing,76
hearst,48
heavy,110
heavily,60
heaven,43
health,105
healthy,33
heat,97
heating,24
help,311
helped,66
helping,44
helps,31
helpful,29
helpless,21
held,264
hell,95
hello,100
helva,26
he's,125
he'd,98
he'll,30
hen,21
henry,83
henrietta,41
hence,58
height,35
heights,23
heels,23
hesitated,21
his,6996
history,286
historic,23
historical,71
historian,30
historians,20
him,2619
himself,603
high,497
higher,160
highest,63
highly,94
highway,40
hit,114
hits,22
hiiii,100
hill,72
hills,50
hired,25
hide,22
hidden,20
had,5133
hadn't,99
have,4600
haven't,38
having,279
has,2437
hasn't,20
hand,431
hands,289
handsome,40
handle,53
handled,26
handling,38
handed,38
hanover,66
hans,44
hang,26
hanging,28
hal,28
half,275
hall,152
hard,202
hardly,106
hardy,42
harder,23
harbor,37
harry,35
harris,28
harvard,34
harm,25
harmony,33
harold,32
happen,63
happened,149
happens,40
happening,28
happy,98
happiness,23
happily,20
hair,148
hat,56
hate,42
hated,28
hatred,20
habit,23
habits,21
how,2050
however,552
howard,32
house,591
houses,83
household,32
housing,59
houston,25
hour,145
hours,174
home,547
homes,62
hope,177
hopes,49
hoped,48
hoping,30
hold,169
holding,65
holds,42
holder,27
hole,58
holes,39
holy,49
holmes,37
hollywood,23
hot,130
hotel,126
hotels,20
horse,117
horses,68
horn,31
horizon,27
hospital,110
hospitals,20
host,36
honor,66
honored,24
honest,47
honey,25
hoag,21
human,299
humanity,28
humor,47
hundred,171
hundreds,44
hung,65
hungry,23
hunting,34
husband,131
huge,55
hughes,27
hudson,53
hurt,37
hurry,36
hurried,23
h.,71
hydrogen,39
hypothalamic,22
f,36
for,9489
form,370
former,131
formerly,28
formed,76
forms,127
formula,59
formulas,22
formal,48
formation,37
forming,21
force,230
forces,175
forced,81
foreign,158
forest,66
forests,22
forever,39
forward,115
fort,55
forth,71
forty,36
fortune,25
fortunate,22
fortunately,20
forget,54
forgotten,38
forgive,24
ford,24
found,536
foundation,38
founded,20
four,360
fourth,74
fourteen,31
fought,46
follow,97
following,221
followed,172
follows,77
folk,34
folklore,28
food,147
foods,51
foot,70
football,36
fool,37
focus,40
foam,37
foams,22
fog,25
fogg,23
foil,20
from,4400
front,221
frontier,30
frozen,27
free,259
freedom,128
freely,22
french,139
frequent,34
frequently,91
frequencies,31
frequency,22
fresh,82
freight,28
fred,27
friend,133
friends,162
friendship,27
friendly,61
friday,60
frightened,26
france,75
francis,21
francisco,41
frank,68
franklin,30
frame,74
frames,26
fraction,23
fractions,20
fruit,35
first,1361
fire,187
fired,44
firm,109
firms,55
firmly,49
firing,24
find,400
finds,59
finding,53
findings,34
final,156
finally,191
financial,86
financing,34
finance,31
fine,161
finish,39
finished,87
finger,40
fingers,66
five,286
field,274
fields,72
figure,209
figures,113
figured,20
fight,98
fighting,72
fig.,71
fiscal,120
fish,35
fishing,32
fist,25
fill,50
filled,99
filling,36
film,96
films,31
file,81
filed,33
fixed,87
fit,75
fitted,20
fifty,68
fifteen,56
fifth,38
fiction,46
fiber,27
fibers,23
few,601
fewer,33
felt,357
fell,92
fellow,63
fellowship,36
felix,30
feet,283
feel,216
feeling,172
feelings,61
feels,45
feed,122
feeding,26
fees,29
fed,41
federal,246
fear,127
fears,47
feature,37
features,80
female,50
february,45
feb.,20
fence,30
festival,27
fact,447
factor,71
factors,106
factory,32
factories,24
facts,87
face,371
faces,72
faced,54
facilities,100
facing,34
faculty,74
far,426
farm,124
farmer,23
farmers,33
farther,32
family,331
familiar,72
families,68
famous,89
fat,60
father,183
father's,38
fate,33
fall,147
fallen,34
falling,33
falls,32
fallout,31
false,29
faith,111
fail,37
failure,89
failed,74
fair,78
fairly,58
faint,25
favor,78
favorite,41
favorable,33
fast,78
fashion,69
fascinating,20
fabrics,29
fault,22
faulkner,21
fans,21
fantastic,20
full,230
fully,80
full-time,24
future,227
further,218
furthermore,39
furniture,39
furnish,29
furnished,23
fun,44
function,113
functions,48
functional,24
fund,62
funds,95
fundamental,50
funny,41
funeral,33
floor,158
flow,68
flower,23
flowers,57
florida,20
flat,67
flash,21
flesh,52
fled,28
flew,27
flexible,25
flight,46
fly,33
flying,43
flux,30
fluid,21
f.,59
``,8837
',317
'',8789
'em,41
you,7600
your,2700
yours,25
yourself,67
young,385
younger,44
you're,151
you'll,90
you've,67
you'd,36
youth,82
york,302
year,658
years,950
year's,43
yeah,25
yet,419
yes,144
yesterday,83
yellow,55
yelled,22
yard,35
yards,64
yankees,28
yield,35
b,105
be,6377
been,2472
beer,35
beef,31
before,1016
because,883
became,246
become,359
becomes,104
becoming,57
bet,20
between,730
better,414
being,712
beings,36
best,351
beside,78
besides,66
began,312
begin,84
beginning,164
begins,55
begun,51
behind,258
behavior,96
behalf,21
believe,200
believed,77
believes,43
belief,64
beliefs,23
below,145
belong,37
belongs,22
belt,29
belly,23
belgians,21
beyond,175
beautiful,127
beauty,71
beat,68
beach,61
bear,57
beard,26
bears,26
bearing,25
beam,21
bed,127
bedroom,52
berlin,74
ben,21
benefit,63
benefits,33
beneath,57
bench,35
bent,34
bend,24
by,5306
but,4381
butter,27
bus,34
business,393
busy,58
build,86
building,160
buildings,76
builder,29
builders,27
built,103
buy,70
buying,30
budget,59
burning,49
burned,40
burns,23
burden,44
bureau,43
burst,33
bullet,28
bullets,21
buck,20
bundle,20
back,966
background,67
backed,24
backward,22
basis,184
basic,171
basically,20
base,91
based,119
baseball,57
basement,31
bases,23
bad,142
badly,34
ball,110
ballet,45
balance,90
balanced,22
baltimore,22
battle,87
bath,26
bank,83
banks,37
band,53
bang-jensen,25
bar,82
bars,40
bare,29
barely,31
barn,29
barton,25
barrel,24
baby,62
bay,57
bag,42
baker,36
both,730
bother,22
bottom,88
bottle,76
body,276
bodies,64
boy,242
boys,143
board,239
boards,47
boat,72
boats,51
boating,23
book,197
books,96
boots,20
born,113
bore,24
border,20
box,70
boston,61
boss,20
bought,56
bound,42
bond,46
bonds,47
bone,33
bones,20
bob,40
bobby,23
bobbie,22
bomb,36
bombs,35
bombers,22
bowl,23
bold,21
big,360
bigger,34
biggest,24
bill,143
billion,62
bills,47
billy,26
bit,101
bitter,53
birth,66
bird,31
birds,57
bible,59
binomial,36
binding,20
bid,22
biological,20
brought,253
brown,176
brown's,23
broad,84
broadway,24
brother,73
brothers,41
broke,72
broken,63
bronchial,29
brooklyn,29
bring,158
brings,40
bringing,38
british,118
britain,55
bridge,98
bridges,26
bridget,21
bride,33
bright,87
brief,73
briefly,38
brilliant,50
break,88
breakfast,53
breaking,25
breath,53
breathing,21
bread,41
brain,45
branch,33
branches,33
brannon,29
brave,24
brush,44
brushed,20
black,203
blame,34
blanket,30
blanche,25
blue,143
blues,22
blood,121
block,66
blocks,37
blow,33
blonde,20
blind,47
b.,76
b.c.,20
b'dikkat,21
;,5566
?,4693
n,38
no,2139
not,4610
nothing,411
note,127
noted,90
notes,57
notice,59
noticed,50
notion,40
notte,20
notable,20
now,1314
nowhere,30
nor,195
north,206
northern,47
northwest,25
normal,136
normally,36
norms,24
none,108
november,74
novel,59
novels,22
nov.,21
nobody,74
noble,23
no.,63
nose,60
nodded,51
noise,37
noon,25
new,1635
news,102
newspaper,65
newspapers,38
newly,28
newport,27
newer,20
never,697
nevertheless,73
next,394
need,360
needed,187
needs,152
necessary,222
necessarily,51
necessity,40
neck,81
near,198
nearly,141
nearby,45
nearest,24
neat,21
neither,141
neighborhood,58
neighbors,40
neighboring,24
negro,107
negroes,59
negative,53
negotiations,20
neutral,39
net,34
network,30
nervous,24
nerves,22
nest,20
number,472
numbers,125
numerous,47
nuclear,115
nuts,21
night,411
nights,33
nine,81
nineteenth,42
ninth,20
nice,76
nick,25
nixon,25
nation,139
national,375
nationalism,35
nations,175
nation's,37
native,46
nature,191
natural,156
naturally,70
nato,25
name,294
names,89
named,84
namely,33
narrow,63
narrative,24
navy,37
naval,33
naked,32
n.,28
-,78
--,3432
s,22
she,2860
shelter,70
shelters,25
shell,22
she'd,68
she's,48
sheet,45
sheets,30
sheep,23
shear,40
sherman,29
sheriff,20
should,888
shoulder,61
shoulders,51
shouldn't,22
shouted,40
shouting,32
show,288
shown,166
showed,141
shows,94
showing,61
short,212
shortly,34
shorts,29
shore,61
shot,113
shots,29
shop,63
shopping,27
shook,57
shoot,27
shooting,48
shoes,44
shock,31
shall,268
share,98
shares,46
shared,40
sharp,72
sharply,38
sharpe,30
sharing,23
shape,85
shapes,29
shadow,36
shadows,20
shade,28
shakespeare,30
shaking,21
shayne,27
shame,21
ship,83
ships,43
shift,41
shirt,27
shining,21
shu,21
shut,46
said,2500
sailing,20
sam,79
same,686
sample,57
samples,29
sampling,22
samuel,34
say,504
says,200
saying,113
saw,352
sat,150
saturday,67
satisfactory,39
satisfaction,28
satisfied,36
sale,44
sales,133
salt,46
salary,43
salvation,32
saline,31
sarvesh,100
sarah,26
san,70
sang,29
santa,28
sand,28
sandburg,22
save,62
saved,43
saving,21
savings,23
savage,22
safe,58
safety,47
sake,41
sacred,38
sacrifice,30
sad,35
saddle,25
sauce,20
so,1985
some,1618
something,450
sometimes,221
somewhat,127
somewhere,60
someone,94
somehow,72
somebody,58
social,380
socialist,21
socialism,20
society,237
societies,41
south,240
southern,137
southerners,26
southeast,28
sound,204
sounds,55
sounded,35
source,94
sources,88
sought,55
soul,47
souls,22
soon,199
son,165
song,70
songs,59
sons,29
sort,164
sorry,48
soviet,129
sovereign,30
sovereignty,28
solid,77
solution,59
solutions,29
sold,47
soldier,39
soldiers,56
solely,20
solve,20
soft,61
softly,31
soil,54
so-called,32
sophisticated,26
soap,22
such,1303
success,93
successful,95
successfully,31
succession,25
successes,22
succeeded,33
sure,263
surely,47
surface,200
surfaces,28
surprise,51
surprised,58
surprising,30
surplus,27
survey,37
survive,33
survival,32
surrounding,27
surrounded,21
surrender,22
support,180
supported,54
supporting,27
suppose,97
supposed,65
supply,102
supplies,47
supplied,36
supplement,20
supper,37
supreme,51
superior,46
subject,161
subjects,81
subjected,24
substantial,66
substantially,36
substance,33
substances,23
substrate,23
substitute,22
subsequent,29
suburban,29
submarine,26
submarines,20
submitted,21
subtle,25
sudden,38
suddenly,153
sum,45
summer,134
summary,21
sun,112
sunday,101
suggest,54
suggested,105
suggestion,34
suggestions,23
suggests,29
sugar,34
sufficient,63
sufficiently,42
suffer,33
suffering,44
suffered,42
suit,48
suitable,34
suite,27
suited,22
suits,25
susan,37
suspect,30
suspected,21
suspended,30
suspicion,27
state,807
states,603
statement,141
statements,68
stated,85
state's,38
station,105
stations,85
statistics,22
status,97
star,25
start,154
started,194
starting,68
starts,31
startled,21
stared,60
stars,29
staring,26
stage,175
stages,51
stand,148
standard,110
standards,74
standing,101
stands,68
stanley,35
staff,113
stay,113
stayed,75
stairs,47
staining,37
stained,28
stable,30
stadium,25
stake,20
still,782
stick,39
sticks,22
stiff,21
study,246
studying,40
student,131
students,213
studies,103
studied,79
studio,31
stuff,32
stupid,24
stuck,23
stumbled,21
street,244
streets,60
strength,137
stress,107
stressed,23
stream,51
stretch,26
stretched,34
strong,202
strongly,37
stronger,37
strongest,20
straight,114
strain,31
strange,84
stranger,40
strategic,23
strategy,22
structure,91
structures,31
structural,25
struck,59
struggle,62
struggling,20
strike,50
strikes,20
striking,39
strictly,33
strip,30
stood,212
story,153
store,74
stored,36
stores,35
stories,59
storage,41
storm,26
stock,147
stockholders,26
stop,120
stopped,129
stone,58
stomach,37
st.,164
step,131
steps,119
stepped,40
steel,45
steele,21
steady,41
steadily,22
stem,30
stems,33
stern,23
style,98
styles,20
see,772
seem,229
seemed,333
seems,259
seen,279
seeing,86
seek,69
seeking,44
seed,41
seeds,42
sees,36
set,414
settle,23
settled,69
settlement,26
setting,60
sets,62
several,377
severe,39
seven,113
seventh,31
seventeen,24
second,373
secondary,31
seconds,27
secret,78
secretary,191
secrets,20
section,189
sections,70
security,91
secure,30
service,315
services,139
serving,38
serve,107
served,119
serves,37
servants,22
series,130
serious,116
seriously,46
sergeant,28
sense,311
sensitive,59
sensitivity,28
sent,145
sentence,34
sentiment,23
send,74
sending,34
senate,62
senator,40
senior,34
sen.,30
sea,95
season,105
search,66
searching,23
seat,54
seated,24
sex,84
sexual,59
session,80
sessions,26
separate,79
separated,43
september,56
sept.,34
select,23
selected,74
selection,39
sell,41
selling,31
self,39
seldom,34
sequence,35
sewage,29
seized,24
sin,53
since,628
sing,34
single,172
singing,47
sink,23
side,381
sides,100
sidewalk,21
six,220
sixth,26
sixties,22
sixty,21
sixteen,20
sit,67
situation,196
situations,51
sitting,96
sitter,24
site,64
simply,171
simple,160
similar,157
similarly,36
simultaneously,38
size,138
sir,95
sign,94
significant,86
significance,66
signs,68
signal,63
signals,29
signed,37
sight,83
sighed,22
silence,52
silent,49
silver,29
sick,51
sister,38
small,542
smaller,78
smart,21
smile,58
smiled,71
smiling,36
smith,54
smooth,42
smoke,41
smell,34
school,493
schools,195
scholars,27
scholarship,36
schedule,36
scheduled,38
scheme,33
science,131
sciences,35
scientific,86
scientists,36
scene,106
scenes,29
score,66
scotty,32
scope,27
scale,60
scattered,27
scarcely,24
scared,21
screen,48
screw,21
system,416
systems,129
symbol,54
symbols,36
symbolic,35
sympathy,36
sympathetic,35
symphony,33
special,250
specific,115
specifically,38
specified,28
species,37
specimen,24
spectacular,22
speak,110
speaking,62
speaker,49
spent,104
spend,53
spending,41
spencer,23
speed,83
speech,61
speeches,21
space,184
spanish,36
spare,23
spirit,182
spiritual,64
spirits,44
spite,56
spring,127
springs,21
spread,83
spoke,87
spoken,37
spot,57
spots,32
sports,49
sponsor,22
sponsored,30
split,30
splendid,20
sphere,22
square,143
s.,117
slow,60
slowly,115
slight,53
slightly,83
slipped,32
slid,24
slide,20
slim,20
sleep,65
sleeping,39
slept,27
slave,30
slaves,44
slavery,33
sweet,69
swept,34
sweat,23
swung,48
switch,43
switches,26
swimming,37
swift,33
swing,24
snow,59
snake,44
snakes,26
sky,58
skywave,32
skin,47
skill,42
skills,37
skilled,30
skirt,21
sba,25
c,121
can,2600
cannot,258
can't,169
candidate,34
candidates,38
canada,34
cancer,25
came,622
camera,36
camp,75
campaign,81
campus,33
call,188
called,401
calls,70
calling,45
california,65
calm,35
calculated,35
calendar,28
case,362
cases,148
casey,23
cast,45
castro,32
cash,36
casual,22
car,274
care,162
careful,62
carefully,87
career,67
carried,125
carries,22
carry,88
carrying,71
cars,112
carl,41
carleton,29
card,26
cards,36
carbon,30
carolina,25
cause,130
caused,90
causes,58
caught,98
cat,23
cattle,97
catholic,84
catholics,33
cathy,20
catch,43
categories,24
category,23
cap,27
capital,85
capitol,22
captain,85
capacity,83
capable,66
capabilities,22
cape,20
cady,27
cavalry,26
cabin,23
cafe,20
could,1601
couldn't,175
course,465
courses,61
court,230
courts,50
courage,32
count,49
country,324
countries,151
county,155
counties,35
counter,31
council,103
couple,122
cousin,51
come,630
comes,137
comedy,39
company,290
company's,27
companies,87
compare,28
compared,71
comparison,48
comparable,41
complete,182
completely,110
completed,69
completion,57
complex,91
complement,21
complicated,30
complained,22
competition,63
competitive,31
compete,23
competent,21
component,25
components,55
composed,40
composer,31
composition,25
computed,21
compromise,20
community,231
communities,41
communist,97
communists,39
communism,70
communication,67
communications,28
common,223
commonly,29
commodities,21
committee,168
committed,28
commission,103
command,72
commander,28
commercial,61
commerce,58
comment,42
comments,30
coming,174
combination,57
combined,40
combat,27
comfort,43
comfortable,37
college,267
colleges,39
collection,84
collective,32
collected,44
colleagues,23
cold,171
color,140
colors,52
colored,31
colorful,21
colonel,37
colony,28
colonial,21
column,71
columns,36
cost,229
costs,176
control,223
controlled,39
controlling,23
controls,30
controversy,26
contrast,74
contract,60
contracts,24
contrary,52
contribute,44
contributed,39
contribution,37
contributions,29
continue,107
continued,133
continues,41
continuing,61
continuity,25
continuous,44
continuously,23
continually,25
contemporary,64
content,53
context,35
contest,26
contact,63
contacts,25
contain,45
contained,60
containing,45
contains,38
condition,91
conditions,180
conditioned,20
conduct,55
conducted,55
conductor,25
congress,152
congressional,22
congressman,21
congregation,47
congo,57
consider,127
considered,151
considerable,96
considerably,44
consideration,49
considerations,31
considering,47
consists,43
consistent,28
consisted,24
consisting,27
construction,95
constructed,37
constant,71
constantly,41
constitution,49
constitutional,25
constitute,29
conscious,46
consciousness,30
conscience,40
consumer,38
consequence,30
consequences,35
consequently,31
conservative,31
conspiracy,22
concern,98
concerned,135
concerning,62
concerns,43
concert,39
concerts,26
concept,85
conception,32
concepts,27
concentration,47
concentrated,30
conceived,27
conclusion,59
conclusions,36
concluded,32
concrete,48
conference,96
conferences,25
confidence,56
confirmed,20
conflict,52
confusion,44
confused,44
confronted,32
connection,69
connected,33
convention,28
conventional,51
convenient,22
conversation,50
conversion,21
converted,20
conviction,50
convictions,20
convinced,50
corn,34
corner,115
corps,110
corporation,90
corporations,25
correct,52
corresponding,38
correspondence,25
core,43
cover,88
covered,104
covering,32
covers,32
coverage,25
cook,100
cooking,32
cool,62
cooling,42
coolidge,26
cooperation,39
cooperative,20
coffee,78
coast,61
coat,43
coating,36
coal,32
coach,24
co.,48
code,39
cotton,38
copy,38
cope,21
cow,29
cocktail,25
city,393
city's,21
cities,107
citizen,30
citizens,86
cited,24
civil,91
civilization,42
civilian,24
civic,23
circumstances,84
circuit,23
circular,21
circle,60
circles,32
cigarette,25
child,213
children,355
children's,23
childhood,50
child's,33
chief,119
chiefly,22
chicago,98
chicken,37
chin,25
china,69
chinese,56
church,348
churches,96
change,240
changes,131
changed,95
changing,44
chance,131
chances,24
chandler,32
channels,23
charge,122
charged,57
charges,45
character,118
characteristic,68
characteristics,52
characterized,21
characters,36
charles,96
charlie,48
chart,22
charter,33
charm,26
charming,24
chapter,73
chapel,20
chair,66
chairman,67
chairs,23
chain,50
chaitanya,100
chamber,46
champion,23
challenge,36
christ,97
christian,144
christianity,31
christmas,27
christ's,20
choice,113
chose,37
chosen,71
choose,50
cholesterol,21
check,88
checked,31
chemical,60
chest,53
cheap,24
cheek,20
chlorine,33
certain,313
certainly,143
certainty,21
cent,155
center,224
centers,52
century,207
centuries,46
central,165
cents,26
cell,65
cells,81
cellar,26
ceiling,31
close,234
closed,106
closely,66
closer,61
closing,28
cloth,43
clothes,89
clothing,20
cloud,28
clouds,38
clock,20
clear,219
clearly,128
cleared,23
clean,69
cleaning,37
clerk,34
class,207
classes,85
classic,36
classical,33
classification,21
clay,100
clayton,27
claim,98
claims,74
claimed,35
clark,35
clarity,28
club,145
clubs,24
climbed,44
climate,26
clinical,27
cut,192
cutting,66
cuts,30
current,104
currently,34
curious,46
curiosity,23
curve,45
curt,32
cure,28
culture,58
cultural,55
cuba,47
cup,45
customer,27
customers,40
c.,93
crisis,82
crises,21
critic,25
critical,58
criticism,40
critics,26
crime,35
criminal,24
cried,30
create,54
created,81
creative,49
creation,46
creating,29
creatures,20
cream,20
credit,64
crew,36
cross,55
crossed,42
crossing,21
crowd,53
crowded,32
cromwell,21
crop,20
cry,48
crystal,23
crazy,34
craft,23
crack,21
crash,20
crawled,20
crucial,30
cycle,24
),2466
(,2435
us,675
use,2350
used,611
uses,59
useful,58
usual,96
usually,206
using,145
up,1890
upon,495
upper,72
upstairs,28
upward,27
under,707
understand,137
understanding,121
understood,58
underlying,20
undoubtedly,24
unit,103
united,482
units,87
unity,71
university,214
universities,32
universe,71
universal,45
union,182
unions,29
unique,58
uniform,51
until,461
unless,101
unlike,42
unlikely,21
unusual,63
uncle,57
unconscious,30
uncertain,22
unable,54
unknown,47
unfortunate,22
unfortunately,33
unhappy,26
unexpected,23
uneasy,22
u.,62
u.s.,162
u.n.,52
ultimate,59
ultimately,23
urban,42
urge,21
urged,35
urgent,21
urethane,26
utility,29
utterly,27
utopia,24
utopian,21
ugly,21
e,40
each,2250
ear,29
early,366
earlier,146
earliest,22
earth,150
ears,38
east,183
eastern,32
easy,124
easily,107
easier,51
ease,42
eat,61
eating,32
eager,27
even,1170
evening,133
event,81
events,101
eventually,52
ever,344
every,491
everything,185
everyone,94
everybody,72
everywhere,47
evidence,204
evident,56
evidently,25
evil,72
evaluation,31
enough,430
enormous,37
end,409
ends,67
ended,60
ending,31
endless,20
english,195
england,154
engine,50
engineer,42
engineering,46
engineers,33
engaged,47
engagement,22
entire,149
entirely,91
entitled,56
enter,78
entered,98
enterprise,31
entertainment,29
entering,24
entrance,57
entry,26
enthusiasm,28
enthusiastic,24
energy,100
enemy,88
enemies,27
enjoy,44
enjoyed,57
enjoyment,21
encourage,46
encouraged,29
encouraging,23
encounter,28
encountered,30
environment,43
envelope,21
enable,23
enforced,20
eye,122
eyes,401
example,292
examples,53
examine,33
examined,28
examination,29
exact,27
exactly,103
experience,276
experiences,53
experienced,53
experiment,63
experiments,66
experimental,38
expert,30
experts,38
expect,108
expected,187
expectations,23
expects,22
expense,50
expenses,47
expensive,44
expenditures,45
explain,64
explained,80
explains,20
explanation,43
exploration,25
explicit,24
express,42
expression,79
expressing,24
expressed,75
expansion,47
expanding,28
expanded,20
exposed,34
exposure,25
except,181
exception,40
exceptions,26
excellent,68
excess,42
excessive,30
exchange,70
excitement,32
excited,23
exciting,29
exclusive,28
exclusively,24
excuse,28
extent,110
extend,31
extended,55
extending,29
extensive,44
extension,36
external,43
extreme,62
extremely,50
extra,50
extraordinary,31
exist,59
existence,107
existed,40
existing,60
exists,42
exercise,58
exercises,23
executive,55
exhibit,25
exhibition,22
either,284
eight,104
eighth,23
eighteenth,22
eisenhower,50
eileen,26
economic,243
economical,22
economy,79
ecumenical,29
education,214
educational,70
educated,21
edge,78
edges,37
editor,77
editorial,42
edition,37
edward,45
eddie,30
effect,213
effective,129
effectively,37
effectiveness,32
effects,108
effort,145
efforts,127
efficiency,50
efficient,32
el,20
else,176
elsewhere,45
element,52
elements,107
election,77
elections,51
electron,29
electronic,68
electronics,32
electric,68
electrical,46
electricity,26
elected,33
eleven,40
elaborate,32
elaine,22
eliminate,26
eliminated,22
equipment,167
equipped,36
equivalent,46
equal,90
equally,62
equation,33
especially,162
establish,58
established,108
establishment,52
establishing,26
estate,51
estimate,39
estimated,67
estimates,24
essential,81
essentially,47
escape,65
europe,118
european,61
eugene,25
e.,86
e.g.,32
emotion,34
emotional,68
emotions,43
employee,24
employees,66
employed,49
employment,47
empty,64
emphasis,58
emphasize,20
empirical,23
empire,22
emergency,39
emerged,26
emission,32
et,30
etc.,58
eternal,29
ethical,29
error,36
errors,44
era,30
eggs,35
ekstrohm,26
more,2215
moreover,88
morning,211
moral,142
morality,29
morgan,72
morse,29
morris,21
most,1159
mostly,44
moscow,47
money,265
month,130
months,189
monthly,23
monday,68
monument,21
moment,246
moments,50
mother,216
mother's,36
mothers,25
motor,56
motors,50
motion,55
motive,22
motives,20
motel,24
mode,21
modern,198
moderate,22
model,77
models,47
modest,29
move,171
moved,181
movement,128
movements,47
moves,36
moving,114
movie,29
movies,31
mouth,103
mount,26
mounted,45
mountain,33
mountains,43
moon,60
mood,37
moore,24
mold,45
mobile,44
man,1207
many,1650
man's,125
manner,124
manage,20
management,91
manager,88
managers,24
managed,36
mantle,48
manufacturer,23
manufacturers,47
manufacturing,24
manchester,44
mankind,39
manhattan,20
may,1402
maybe,133
mayor,38
make,1250
makes,172
making,255
mad,39
made,1125
madison,23
matter,308
matters,64
mate,21
material,174
materials,97
match,41
matching,33
maturity,39
mature,31
matsuo,35
mathematical,24
mathematics,20
major,247
majority,57
mark,83
market,155
marketing,43
markets,31
marked,85
marks,28
march,121
married,105
marriage,95
marriages,27
mary,87
maryland,23
martin,55
marine,55
maris,36
mars,21
marshal,26
marshall,27
marginal,26
marble,21
main,119
maintenance,64
maintain,60
maintained,48
maintaining,28
mainly,31
mail,47
maid,31
machine,103
machinery,60
machines,54
mass,98
massachusetts,50
massive,33
masses,21
master,72
masters,24
mason,24
maximum,79
mama,44
magazine,39
magazines,25
magic,37
magnitude,29
magnificent,27
magnetic,25
maggie,23
male,37
maude,21
my,1318
myself,129
mystery,39
mysterious,26
myth,35
myra,27
me,1181
men,763
mention,50
mentioned,79
mental,43
member,137
members,325
membership,73
memory,76
memorial,23
mean,199
means,310
meaning,127
meaningful,24
meanings,22
meant,100
meanwhile,35
measure,91
measured,66
measurement,34
measurements,54
measures,49
measuring,30
meat,45
meal,30
meals,26
medical,162
medicine,30
medium,45
meet,149
meeting,159
meetings,28
meets,35
met,132
method,142
methods,142
metal,61
metropolitan,34
mere,47
merely,135
mercer,71
merchant,20
merchants,22
mercy,20
merit,29
merger,21
mess,22
message,64
mechanical,34
mechanism,28
mexican,24
melting,22
melody,21
must,1013
mustard,20
music,216
musical,85
musician,23
musicians,41
muscle,42
muscles,31
museum,32
much,937
murder,75
multiple,36
mud,32
municipal,28
mutual,26
mr.,844
mrs.,534
might,672
mighty,29
mind,325
minds,56
minute,55
minutes,196
minimum,68
minimal,27
minister,61
mine,59
mines,28
minor,58
minority,20
miss,253
mission,78
missile,48
missiles,32
mississippi,39
missing,33
missed,40
missouri,21
mistake,34
military,212
million,204
millions,49
milligrams,21
mills,32
miller,22
mile,48
miles,173
milk,49
middle,118
middle-class,22
midnight,23
mike,91
mixed,37
mixture,30
miriam,30
mirror,27
mickey,29
michigan,21
michelangelo,20
mitchell,26
miami,22
m.,62
d,50
do,2100
down,895
downtown,41
don,23
don't,489
done,319
donald,20
does,485
doesn't,88
door,312
doors,36
doing,163
doubt,114
doubtful,22
double,56
douglas,23
doc,20
doctor,100
doctors,30
doctrine,46
dollar,46
dollars,97
dolores,20
dog,75
dogs,70
dominant,65
dominated,20
domestic,63
dozen,52
di,22
did,1044
didn't,401
different,312
difference,148
differences,79
difficult,161
difficulty,76
difficulties,46
diffusion,24
direct,129
directly,141
direction,134
directions,30
director,101
directed,68
dirt,43
dirty,36
district,135
districts,38
distribution,85
distributed,27
distance,108
distant,37
distinguished,42
distinct,42
distinction,41
distinctive,20
disturbed,26
discuss,28
discussion,94
discussions,32
discussed,65
discover,40
discovered,73
discovery,45
discipline,27
discrimination,23
disease,53
display,41
displays,21
displayed,21
displacement,23
dispute,34
disposal,20
disappeared,35
disaster,26
disk,25
dishes,21
division,107
divided,55
divine,34
divorce,29
dive,23
dinner,91
dining,28
die,73
died,86
diet,21
dictionary,57
diameter,45
dignity,35
dimensions,30
diplomatic,28
dilemma,25
day,687
days,384
dark,185
darkness,43
dartmouth,30
dare,21
data,173
date,103
dates,30
daily,122
dan,27
dance,90
dancer,31
dancers,31
dances,23
dancing,43
danger,70
dangerous,46
daughter,72
dallas,58
david,51
davis,27
dave,31
damage,33
damn,32
dawn,28
du,71
during,585
due,142
dust,70
duty,61
duties,34
dull,27
de,122
develop,89
development,334
developments,44
developed,170
developing,52
device,55
devices,37
devil,25
devoted,51
death,277
dead,174
deal,143
dealing,43
dealer,25
dealers,30
dealt,22
dear,54
dean,40
department,225
departments,25
depth,53
depend,45
depends,49
dependent,40
depending,32
depression,24
defense,167
defend,21
defeat,31
define,27
defined,39
definition,38
definite,37
definitely,21
decide,40
decided,141
decision,119
decisions,54
declared,66
declaration,24
decline,31
december,62
decent,20
decade,46
decades,34
deck,23
degree,125
degrees,23
describe,41
described,120
describes,22
description,54
design,114
designed,108
designs,28
desire,79
desired,50
desires,24
desirable,36
despite,104
desperate,26
desperately,22
despair,21
desk,65
destroy,48
destroyed,39
destruction,38
destructive,25
destiny,22
desegregation,40
desert,21
determine,107
determined,119
determination,39
determining,33
detergent,25
detective,52
detail,72
details,57
detailed,52
detroit,21
democratic,109
democrats,40
democracy,24
demonstrate,28
demonstrated,33
demonstration,25
demand,102
demands,55
demanded,42
deep,109
deeply,39
deeper,37
deegan,22
denied,47
deny,47
density,31
derived,39
delivered,37
deliberately,30
delight,29
delightful,26
delicate,27
delaware,27
delay,21
delayed,25
debate,32
dedicated,23
dedication,21
dr.,192
drive,105
driver,49
drivers,24
driven,44
driving,53
drink,82
drinking,48
drinks,22
drill,33
dried,28
drop,59
dropped,101
drove,62
draw,56
drawn,70
drawing,40
drawings,21
drama,43
dramatic,63
draft,24
dry,68
drying,29
drew,68
dress,67
dressed,36
dressing,22
dream,64
dreams,30
drunk,37
drug,24
drugs,28
d.,65
d.c.,25
dying,34
dynamic,21
:,1795
!,1596
like,1292
likely,151
liked,58
little,831
literature,133
literary,78
literally,27
life,715
lift,23
lifted,43
light,333
lights,47
lightly,31
lighted,29
lighting,23
line,298
lines,198
linear,21
lincoln,47
linda,42
living,194
live,177
lived,115
lives,81
lively,26
list,133
listen,51
listening,39
listened,30
listeners,20
listed,44
lists,34
limit,48
limited,106
limits,41
limitations,28
lips,69
liberal,69
liberals,26
liberty,46
library,62
libraries,28
lie,59
lies,44
lieutenant,29
liquid,48
liquor,43
license,36
lo,22
long,752
longer,193
long-range,42
long-term,32
london,89
lonely,25
look,470
looked,367
looking,173
looks,78
loose,53
loop,21
local,288
located,64
location,63
lock,24
locking,31
locked,30
love,231
loved,56
lovely,44
low,173
lower,123
lowered,21
los,51
lost,173
loss,86
losses,46
lose,58
losing,28
lot,127
lots,42
lord,93
louis,73
louisiana,30
loud,20
loan,46
loans,32
load,45
loaded,22
logical,34
loyalty,22
lobby,20
la,52
last,676
late,179
later,397
latest,35
latter,114
latin,50
large,361
larger,123
largely,68
largest,53
law,299
laws,88
lawyer,43
lawyers,23
lawrence,39
land,218
landing,26
lands,25
landscape,20
language,109
languages,40
lane,30
labor,149
laboratory,40
lay,139
lack,110
lacking,32
lady,80
ladies,28
laid,77
laos,64
lake,54
laugh,28
laughed,51
laughing,28
laughter,22
launched,21
laura,20
left,480
less,437
lesson,29
let,384
letter,145
letters,115
letting,31
let's,69
least,343
leave,205
leaves,49
leaving,88
lead,129
leader,74
leaders,107
leadership,92
leading,68
leads,33
learn,84
learned,117
learning,60
league,69
lean,20
leaned,38
leather,24
leaped,20
level,213
levels,69
led,132
length,116
lengths,23
leg,58
legal,72
legs,67
legislation,46
legislative,40
legislature,39
legislators,20
legend,26
lewis,57
lee,34
l.,56
luck,47
lucky,21
lucy,45
lumber,35
lunch,33
luncheon,23
luxury,21
lying,36
v,27
very,900
version,53
verse,28
vernon,21
vermont,21
verbal,21
vehicle,35
vehicles,53
veteran,27
velocity,26
vein,25
voice,226
voices,38
volume,135
volumes,44
volunteers,29
voluntary,22
vocational,77
vote,75
voted,27
voters,20
votes,20
voting,30
various,201
variety,85
varied,42
variable,36
variables,26
variation,32
variations,23
vary,34
varying,42
value,200
values,186
valuable,45
valley,73
valid,22
vast,61
vacation,47
vacuum,20
van,32
vague,25
view,186
views,51
viewed,25
vienna,22
visit,109
visited,41
visiting,36
visitors,36
vision,56
visible,34
visual,40
virgin,35
virginia,75
virtually,41
virtue,30
village,72
victor,23
victory,61
victim,27
vice,41
vital,56
via,48
violence,46
violent,33
vigorous,29
vivid,25
v.,31
just,872
justice,114
justify,26
justified,23
june,99
junior,75
juniors,31
jungle,20
judge,77
judges,20
judgment,59
judgments,27
jury,67
jurisdiction,29
july,66
julia,27
jump,24
jumped,35
john,362
johnson,34
johnston,21
johnny,30
johnnie,26
john's,21
job,238
jobs,65
jones,72
join,65
joined,56
joint,39
joseph,55
joe,55
journal,42
journey,28
joy,40
joyce,21
joke,22
j.,120
james,101
jazz,99
jack,92
jackson,36
jacket,33
japan,38
japanese,53
january,53
jane,35
jan.,20
jail,21
jr.,75
jew,26
jewish,74
jews,54
jesus,63
jess,33
jet,29
jefferson,27
jersey,25
jean,23
jim,36
p,76
people,847
peoples,36
per,371
perhaps,307
period,265
periods,47
person,174
personal,196
personality,48
personally,40
persons,121
personnel,75
perspective,26
persuaded,21
perform,29
performance,122
performances,33
performed,35
perfect,58
perfectly,31
permit,77
permitted,57
permits,27
permission,27
permanent,40
percent,53
percentage,46
perception,29
pertinent,21
peace,198
peaceful,26
peas,24
pennsylvania,45
penny,25
pencil,34
pete,23
peter,36
petitioner,29
peculiar,28
peered,20
place,570
placed,126
places,100
placing,27
plan,205
planning,129
planned,75
plant,125
plants,59
plane,114
planes,26
planet,21
planets,22
planetary,21
plans,113
play,200
played,104
player,51
players,29
playing,101
plays,66
platform,72
plate,22
plates,23
plain,48
plastic,32
plastics,31
plaster,23
plus,72
plug,23
pleasure,62
please,62
pleased,41
pleasant,38
plenty,55
plot,37
pa,23
part,500
party,216
particular,179
particularly,146
particle,21
particles,42
participation,41
participate,22
parties,59
partially,25
partisan,21
parts,113
partly,49
partner,32
part-time,26
park,94
parker,63
parked,33
parking,31
parks,20
parents,91
paris,67
parallel,40
parade,25
past,281
pass,89
passed,157
passes,27
passengers,21
passing,65
passion,28
passage,49
passages,20
pay,172
payment,53
payments,49
paying,26
paper,157
papers,51
papa,40
paid,145
pain,88
paint,37
painting,59
paintings,36
painted,40
painter,21
painful,25
pair,50
pat,35
pattern,113
patterns,47
patient,86
patients,36
patient's,21
patience,22
path,44
pathology,33
patent,35
patchen,26
patrol,25
page,66
pages,31
pale,58
palm,22
palmer,56
palace,38
palfrey,26
panel,31
panels,46
panic,22
pace,43
pacific,31
pack,25
package,20
paul,38
pause,21
paused,28
public,438
publication,55
publications,23
publicity,27
publicly,27
published,89
put,437
putting,54
puts,20
purpose,149
purposes,90
pure,56
purely,30
purchase,47
purchased,20
pursuant,27
pursue,20
pull,51
pulled,73
pulling,25
pulmonary,27
push,37
pushed,53
pupil,20
pupils,25
puerto,24
punishment,21
point,395
points,143
pointed,74
pointing,26
possible,374
possibly,61
possibility,87
possibilities,42
possessed,22
possession,21
position,241
positions,54
positive,74
post,85
posts,22
power,342
powers,73
powerful,63
powder,28
political,258
politics,69
policy,222
police,155
policies,68
poland,33
polynomial,28
population,136
popular,98
pope,40
poor,113
pool,111
poet,99
poetry,88
poets,32
poetic,31
poem,48
poems,82
pot,28
potential,67
port,21
portion,62
portland,24
porch,43
pocket,46
pound,28
pounds,44
poured,29
pont,35
pond,25
podger,21
poverty,20
program,394
programs,139
progress,120
problem,313
problems,247
probably,261
probable,25
probability,35
probabilities,20
provide,216
provided,132
provides,81
providence,80
providing,59
provision,47
provisions,39
prove,53
proved,71
process,196
processes,57
processing,38
procedure,79
procedures,61
proceeded,25
procurement,21
proper,95
property,156
properties,66
properly,55
proposed,84
proposal,41
proposals,29
proportion,29
propaganda,30
product,87
production,148
productive,25
products,108
produce,82
produced,90
producing,35
profession,37
professional,105
professor,57
profit,28
profits,21
profound,27
project,93
projects,68
protect,34
protection,68
protected,31
protest,23
protestant,51
protein,21
proud,50
promise,45
promised,45
promises,20
promising,24
prominent,40
promote,32
promotion,26
promptly,28
proof,40
prokofieff,33
prospect,25
prospects,24
prospective,21
president,382
presidential,34
president's,28
present,377
presented,82
presently,35
presentation,33
presents,33
presence,76
preserve,35
press,127
pressure,185
pressures,38
pressed,29
pressing,25
presumably,40
prestige,29
pretty,107
prepare,35
prepared,102
preparation,54
preparing,22
previous,86
previously,58
prevent,83
prevented,27
prevention,27
precise,33
precisely,48
precision,46
precious,29
preceding,30
prefer,27
preferred,26
premier,26
preliminary,24
private,191
principle,109
principles,71
principal,92
prince,33
printed,36
price,108
prices,61
primary,96
primarily,64
prime,45
primitive,38
prior,47
pride,42
prison,42
prisoners,21
prize,28
practice,94
practices,53
practical,68
practically,53
prayer,28
prairie,21
picture,162
pictures,68
pick,55
picked,78
piece,129
pieces,92
pink,48
pilot,44
pile,25
pike,41
piano,38
pistol,27
pittsburgh,25
pitch,22
pitcher,21
pip,23
pipe,20
pioneer,20
physical,138
physically,20
physics,22
physiological,22
phil,65
philosophy,86
philosophical,26
philadelphia,50
philip,21
phase,72
phases,24
phone,54
phenomenon,35
phenomena,26
phrase,34
p.,58
p.m.,63
psychological,41
go,680
good,806
goods,57
got,482
government,418
governments,61
governmental,23
governor,83
governing,21
going,399
god,316
god's,38
gone,195
goes,89
goal,60
goals,40
gold,52
golden,42
golf,34
gorton,32
get,780
getting,164
gets,66
general,498
generally,132
generation,55
generations,23
generous,25
genuine,34
gently,31
gentle,27
gentleman,28
gentlemen,21
genius,23
gen.,23
george,129
georgia,46
german,85
germany,81
germans,27
gesture,32
gear,26
great,665
greater,188
greatest,88
greatly,62
green,116
greenwich,27
greek,61
greeted,20
grew,64
greg,26
group,390
groups,125
ground,186
grounds,58
grow,63
growth,155
growing,108
grown,43
grows,22
gross,66
gray,80
grant,47
granted,56
grants,20
grand,48
grass,53
gradually,51
graduate,30
grade,35
grades,23
grace,40
grave,33
grain,27
grains,20
grateful,25
grabbed,20
grinned,30
grip,20
give,389
given,377
gives,114
giving,96
girl,220
girls,142
gift,33
gin,23
giant,23
giants,21
gave,285
game,123
games,55
gas,99
gain,74
gained,39
garden,60
gardens,32
garage,21
gate,37
gather,20
gathered,32
gathering,28
gallery,31
gay,30
gang,22
gun,118
guns,42
guest,39
guests,62
guess,56
guy,51
guys,20
guard,48
guidance,40
guide,36
guided,20
guilt,33
guilty,29
gulf,22
glass,99
glasses,29
glance,40
glanced,25
glad,38
glory,21
g.,42
gyro,26
know,683
known,245
knowledge,145
knows,99
knowing,50
knocked,31
knew,395
knee,35
knees,38
knife,76
kind,313
kinds,36
king,88
kingdom,26
kitchen,90
kill,63
killed,75
killer,21
killing,23
kid,61
kids,32
keep,264
keeping,60
keeps,21
kept,186
kennedy,140
kennedy's,26
key,88
keys,34
keith,21
khrushchev,68
kate,41
katanga,21
kansas,31
kay,21
r,38
right,613
rights,77
rigid,24
river,165
rise,102
rises,20
rising,62
risk,54
rich,74
richard,71
rice,33
rico,21
rifle,63
rifles,23
ride,49
riding,45
ring,47
ritual,25
room,384
rooms,55
roof,59
root,30
roots,27
roosevelt,28
road,197
roads,58
role,104
roles,34
roll,34
rolled,48
rose,86
robert,83
roberts,37
robinson,38
rock,75
rocks,23
round,75
route,43
routine,35
rough,41
roughly,25
rome,70
roman,58
romantic,32
roy,37
royal,48
rode,40
row,35
rather,373
rate,209
rates,102
ratio,36
rational,25
ran,134
rang,21
range,157
ranging,30
random,38
ranch,27
rank,24
ranks,20
radio,120
radiation,97
radical,30
radar,23
race,103
races,21
rachel,42
racial,25
racing,22
raise,52
raised,101
raising,34
rain,70
railroad,58
rapid,43
rapidly,65
raw,43
rare,41
rarely,41
rayburn,39
ramey,28
ralph,22
real,258
really,275
reality,79
realize,69
realized,69
realization,24
realistic,34
realism,24
reason,241
reasons,103
reasonable,64
reasonably,34
read,174
ready,143
reading,141
readily,43
reader,43
readers,37
reach,105
reached,169
reaches,25
reaching,43
reaction,124
reactions,42
reactionary,20
rear,51
result,244
results,149
resulting,43
resulted,37
resumed,23
research,171
reserve,37
reserved,27
rest,163
restaurant,41
restrictions,27
respect,125
respectively,31
respects,22
respectable,21
responsibility,118
responsibilities,25
responsible,71
response,77
responses,28
respond,21
responded,20
resources,72
resolution,64
resolved,21
resist,22
resistance,48
residential,45
residents,20
residence,29
red,197
reduce,62
reduced,79
reduction,42
reducing,31
require,86
required,182
requirement,27
requirements,83
requires,57
request,49
return,180
returned,115
returning,35
returns,34
retired,35
retirement,26
retained,22
retail,20
recent,179
recently,123
receive,76
received,163
receives,20
receiving,34
reception,38
record,137
records,91
recorded,43
recording,31
recognize,62
recognized,80
recognition,44
recommend,25
recommended,46
recommendation,24
recommendations,22
recovery,29
recreation,43
recall,39
recalled,26
rector,33
report,174
reported,119
reporter,20
reporters,34
reports,84
repeat,26
repeated,59
replied,57
replace,30
replaced,42
replacement,21
reply,42
represent,38
represented,56
representative,47
representatives,41
represents,39
representing,30
republic,43
republican,54
republicans,29
reputation,27
repair,20
religious,165
religion,119
relief,66
relieved,24
reliable,22
relation,63
relations,102
relationship,88
relationships,38
relative,46
relatively,85
relatives,22
relating,20
related,102
release,37
released,26
relevant,23
remember,138
remembered,83
remain,93
remained,106
remains,84
remaining,41
remark,31
remarks,53
remarkable,47
remarked,32
remove,58
removed,75
removal,41
remote,32
reminded,29
regard,89
regarded,56
regarding,40
regardless,38
regular,83
regularly,22
regulations,29
region,76
regional,42
regions,40
register,26
registered,23
registration,23
regime,23
regiment,25
revolution,70
revolutionary,21
review,56
reveal,30
revealed,39
reveals,21
revenue,35
revenues,26
reverend,21
rev.,22
refer,27
reference,67
referred,45
refused,60
refund,22
reflect,25
reflected,42
reflection,32
reflects,23
reform,30
refrigerator,23
rejected,33
rendered,28
rent,21
renaissance,20
reorganization,27
rehabilitation,22
run,212
running,123
runs,55
rule,73
rules,85
ruled,31
ruling,24
russ,21
russia,72
russian,80
russians,31
rush,20
rushed,27
rural,54
ruth,23
rhode,105
rhythm,22
r.,61
1,527
19,32
1960,172
1961,134
1962,35
1959,102
1958,91
1957,48
1954,46
1952,31
1956,28
1955,28
1953,26
1950,21
1951,20
1948,21
1946,20
1949,20
10,152
100,77
15,113
12,96
11,62
14,56
18,55
16,54
13,49
17,41
2,446
20,92
200,38
25,82
24,48
21,47
23,47
22,46
26,32
27,26
29,23
28,21
3,287
30,112
300,25
31,38
34,21
q,46
quite,281
quick,68
quickly,89
quiet,76
quietly,49
quiney,23
question,257
questions,140
questionnaire,37
questioned,29
questioning,21
queen,41
quality,114
qualities,45
qualified,24
quarter,34
quarters,28
quarrel,20
quantity,33
quoted,26
4,206
40,40
&,163
5,142
50,61
6,114
60,46
8,106
7,94
70,24
75,20
9,62
**zg,32
zen,26
zero,24
0,22
